[
    {
        "model": "author.author",
        "pk": "20d63709-f5ce-43c7-87c1-c3c39ebd3910",
        "fields": {
            "password": "pbkdf2_sha256$260000$gEm6TyZuYHFnGn8YXAYBNL$+9Toa3l2F2UI9Nb64q8fzWyTXZlMLFpl5dEqiUqrmuc=",
            "last_login": null,
            "displayName": "Helen",
            "userName": "Helen",
            "github": "",
            "profileImage": "",
            "is_admin": false,
            "is_active": true
        }
    },
    {
        "model": "author.author",
        "pk": "5d41994f-2e5d-40d0-9e01-cd73200efb6c",
        "fields": {
            "password": "pbkdf2_sha256$260000$2tICcJGyPbDmGWJqInNlhX$w54T56/9RlvdZy9JyT14RGrvNRgmh2N6P5RHXHtSzTQ=",
            "last_login": null,
            "displayName": "inactive",
            "userName": "Inactive",
            "github": "",
            "profileImage": "",
            "is_admin": false,
            "is_active": false
        }
    },
    {
        "model": "author.author",
        "pk": "66320ea1-2ff5-4e68-8a4a-6f8d3bc7f926",
        "fields": {
            "password": "pbkdf2_sha256$260000$av0pDpM2cudOFSyRmIVFCy$9jP4+j1CC3Afxp71/7lItNv0TYehFCGs1IJYQ/8RTBI=",
            "last_login": null,
            "displayName": "goldentoaste",
            "userName": "goldentoaste",
            "github": "https://github.com/goldentoaste",
            "profileImage": "https://images.emojiterra.com/twitter/v13.1/512px/1f35e.png",
            "is_admin": true,
            "is_active": true
        }
    },
    {
        "model": "author.author",
        "pk": "a1f0f317-5a3c-4d5d-bb58-e8ad563e9aba",
        "fields": {
            "password": "pbkdf2_sha256$260000$8Ug3KQebd7KPog0Xb1FjSO$EM0Zsm4+WZHV9VzUyRgBdQrRk5y0Oo83gjX2QP4gi/k=",
            "last_login": null,
            "displayName": "Golden Ratio !?",
            "userName": "aniket",
            "github": "",
            "profileImage": "",
            "is_admin": false,
            "is_active": true
        }
    },
    {
        "model": "author.author",
        "pk": "a238b1d8-2b8d-4760-aeb9-5e66841c0d0f",
        "fields": {
            "password": "pbkdf2_sha256$260000$nhDxNEhNF9q2Sq6tZVqean$FHGMGD1zfkL4fqMoAGYVTELfbtG5S8jSU8pfeqrd9d8=",
            "last_login": null,
            "displayName": "nadeen",
            "userName": "Nadeen",
            "github": "",
            "profileImage": "",
            "is_admin": false,
            "is_active": true
        }
    },
    {
        "model": "author.author",
        "pk": "c879c4fa-f0d3-4b30-84fc-507ed5ac6e93",
        "fields": {
            "password": "pbkdf2_sha256$260000$rgTejkdqssTpFTuOiAkE8R$gWyRiWKhbpR68GW2mcOErMfKwmeu4yP+E0cy6IBA4zI=",
            "last_login": null,
            "displayName": "phousanak",
            "userName": "Phousanak",
            "github": "",
            "profileImage": "",
            "is_admin": false,
            "is_active": false
        }
    },
    {
        "model": "author.author",
        "pk": "ca12fb77-fc84-4a00-8992-e463a7d80772",
        "fields": {
            "password": "pbkdf2_sha256$260000$nTOTNq8OOGGpEgbO6jnLhd$cXrc7quRqfqC/cqiju28B5J4UAYiRa2tvUaGnXBkrS4=",
            "last_login": "2021-12-04T22:13:54.347Z",
            "displayName": "admin",
            "userName": "admin",
            "github": "",
            "profileImage": "",
            "is_admin": true,
            "is_active": true
        }
    },
    {
        "model": "author.author",
        "pk": "f3ba1f94-ab39-453d-af87-994d4b2c0571",
        "fields": {
            "password": "pbkdf2_sha256$260000$2w4fDlF37y68St1BSjeQiG$u+TNWQBOJDUc99wnvMpaLl/l4tGJ2RgGArQJ6KiQ50Y=",
            "last_login": null,
            "displayName": "gamer!",
            "userName": "GAMER",
            "github": "",
            "profileImage": "",
            "is_admin": false,
            "is_active": true
        }
    },
    {
        "model": "comment.comment",
        "pk": "0ef15d6c-375b-46e7-9d90-2e2046e2eb09",
        "fields": {
            "post": "47e71ded-e926-4cd4-98a1-6f8f87bf5367",
            "author": "c879c4fa-f0d3-4b30-84fc-507ed5ac6e93",
            "comment": "Etincidunt ut quisquam magnam dolore est tempora amet.",
            "contentType": "P",
            "published": "2021-12-04T23:06:00.041Z"
        }
    },
    {
        "model": "comment.comment",
        "pk": "12a630ce-4400-4722-832c-6dfab34a7bc2",
        "fields": {
            "post": "e377ecfb-efd4-4993-8a20-5af7812cda97",
            "author": "a1f0f317-5a3c-4d5d-bb58-e8ad563e9aba",
            "comment": "Neque non sit amet.",
            "contentType": "P",
            "published": "2021-12-04T23:05:59.047Z"
        }
    },
    {
        "model": "comment.comment",
        "pk": "36bdedf4-74c3-4770-829f-f96bd956c3ec",
        "fields": {
            "post": "78d23fb6-ec4d-4db5-aed4-28d86fc580d7",
            "author": "20d63709-f5ce-43c7-87c1-c3c39ebd3910",
            "comment": "Velit non ut dolor dolorem.",
            "contentType": "P",
            "published": "2021-12-04T23:05:59.496Z"
        }
    },
    {
        "model": "comment.comment",
        "pk": "5d136694-4ed5-4200-b184-d6da9c5603c1",
        "fields": {
            "post": "78d23fb6-ec4d-4db5-aed4-28d86fc580d7",
            "author": "20d63709-f5ce-43c7-87c1-c3c39ebd3910",
            "comment": "Dolor eius quaerat aliquam labore.",
            "contentType": "P",
            "published": "2021-12-04T23:05:59.601Z"
        }
    },
    {
        "model": "comment.comment",
        "pk": "7a04350a-cace-43d1-9d9d-c64520fc3f7f",
        "fields": {
            "post": "c9fea4ca-6c61-444d-9719-d507f6c5cc6b",
            "author": "a1f0f317-5a3c-4d5d-bb58-e8ad563e9aba",
            "comment": "Numquam velit voluptatem est.",
            "contentType": "P",
            "published": "2021-12-04T23:05:59.248Z"
        }
    },
    {
        "model": "comment.comment",
        "pk": "a3beb12c-938f-44fe-833d-4314bfedb36a",
        "fields": {
            "post": "c9fea4ca-6c61-444d-9719-d507f6c5cc6b",
            "author": "a1f0f317-5a3c-4d5d-bb58-e8ad563e9aba",
            "comment": "Est eius magnam ipsum labore dolor est.",
            "contentType": "P",
            "published": "2021-12-04T23:05:59.364Z"
        }
    },
    {
        "model": "comment.comment",
        "pk": "ad050b46-9d9a-421f-8f47-a66375f91dc4",
        "fields": {
            "post": "669b8267-0c5d-4d35-8f0d-f9d700ac0c1f",
            "author": "20d63709-f5ce-43c7-87c1-c3c39ebd3910",
            "comment": "Modi quaerat sit eius ipsum ut sed ut.",
            "contentType": "P",
            "published": "2021-12-04T23:05:59.707Z"
        }
    },
    {
        "model": "comment.comment",
        "pk": "b5f6ad91-3c25-4c8a-b24a-6a54d04274a0",
        "fields": {
            "post": "e377ecfb-efd4-4993-8a20-5af7812cda97",
            "author": "a1f0f317-5a3c-4d5d-bb58-e8ad563e9aba",
            "comment": "Porro tempora dolor quisquam quisquam tempora est aliquam.",
            "contentType": "P",
            "published": "2021-12-04T23:05:58.869Z"
        }
    },
    {
        "model": "comment.comment",
        "pk": "c4216824-14df-4597-bdcf-b076b25522c7",
        "fields": {
            "post": "7876fead-2512-43a3-8b94-229999db3060",
            "author": "a238b1d8-2b8d-4760-aeb9-5e66841c0d0f",
            "comment": "Est modi dolor sit dolorem.",
            "contentType": "P",
            "published": "2021-12-04T23:05:59.813Z"
        }
    },
    {
        "model": "comment.comment",
        "pk": "cf3518f1-0bfd-46e0-b7f0-959cdbc6484d",
        "fields": {
            "post": "e7cc890d-efcd-4f94-99db-6d0c95526c0d",
            "author": "f3ba1f94-ab39-453d-af87-994d4b2c0571",
            "comment": "Numquam velit quaerat adipisci quisquam.",
            "contentType": "P",
            "published": "2021-12-04T23:05:59.153Z"
        }
    },
    {
        "model": "comment.comment",
        "pk": "febd4e51-fe0d-4daf-bdfb-cfc3df1c5b6a",
        "fields": {
            "post": "7876fead-2512-43a3-8b94-229999db3060",
            "author": "a238b1d8-2b8d-4760-aeb9-5e66841c0d0f",
            "comment": "Sit est numquam modi voluptatem.",
            "contentType": "P",
            "published": "2021-12-04T23:05:59.928Z"
        }
    },
    {
        "model": "Followers.follower",
        "pk": "018e66cf-51c7-40de-a8e7-c585504093e8",
        "fields": {
            "sender": "a238b1d8-2b8d-4760-aeb9-5e66841c0d0f",
            "receiver": "5d41994f-2e5d-40d0-9e01-cd73200efb6c"
        }
    },
    {
        "model": "Followers.follower",
        "pk": "06e13fcc-9241-46a7-969b-22cbd57c6228",
        "fields": {
            "sender": "f3ba1f94-ab39-453d-af87-994d4b2c0571",
            "receiver": "a1f0f317-5a3c-4d5d-bb58-e8ad563e9aba"
        }
    },
    {
        "model": "Followers.follower",
        "pk": "09378c35-f444-48f0-88b7-d2f38c971555",
        "fields": {
            "sender": "66320ea1-2ff5-4e68-8a4a-6f8d3bc7f926",
            "receiver": "c879c4fa-f0d3-4b30-84fc-507ed5ac6e93"
        }
    },
    {
        "model": "Followers.follower",
        "pk": "0b97dc66-4503-45c1-9b80-e5b02c873def",
        "fields": {
            "sender": "a1f0f317-5a3c-4d5d-bb58-e8ad563e9aba",
            "receiver": "ca12fb77-fc84-4a00-8992-e463a7d80772"
        }
    },
    {
        "model": "Followers.follower",
        "pk": "1b032d53-efe9-41a2-afed-17f7b995139e",
        "fields": {
            "sender": "a238b1d8-2b8d-4760-aeb9-5e66841c0d0f",
            "receiver": "66320ea1-2ff5-4e68-8a4a-6f8d3bc7f926"
        }
    },
    {
        "model": "Followers.follower",
        "pk": "23a251b3-46f5-441e-a5af-d3370e425860",
        "fields": {
            "sender": "a1f0f317-5a3c-4d5d-bb58-e8ad563e9aba",
            "receiver": "a238b1d8-2b8d-4760-aeb9-5e66841c0d0f"
        }
    },
    {
        "model": "Followers.follower",
        "pk": "297b02a2-a1bb-4cd9-92fc-0d8b40c625f6",
        "fields": {
            "sender": "a1f0f317-5a3c-4d5d-bb58-e8ad563e9aba",
            "receiver": "f3ba1f94-ab39-453d-af87-994d4b2c0571"
        }
    },
    {
        "model": "Followers.follower",
        "pk": "29d99a08-77e0-467e-b902-b2465a665da8",
        "fields": {
            "sender": "f3ba1f94-ab39-453d-af87-994d4b2c0571",
            "receiver": "66320ea1-2ff5-4e68-8a4a-6f8d3bc7f926"
        }
    },
    {
        "model": "Followers.follower",
        "pk": "3086d6c4-dd91-46c6-8de9-d4a9861ea3b5",
        "fields": {
            "sender": "ca12fb77-fc84-4a00-8992-e463a7d80772",
            "receiver": "c879c4fa-f0d3-4b30-84fc-507ed5ac6e93"
        }
    },
    {
        "model": "Followers.follower",
        "pk": "34f19548-1d59-4d04-ba0e-028e0b0a523b",
        "fields": {
            "sender": "c879c4fa-f0d3-4b30-84fc-507ed5ac6e93",
            "receiver": "20d63709-f5ce-43c7-87c1-c3c39ebd3910"
        }
    },
    {
        "model": "Followers.follower",
        "pk": "3abaf8e4-74aa-4a41-9376-b9280dbc1706",
        "fields": {
            "sender": "c879c4fa-f0d3-4b30-84fc-507ed5ac6e93",
            "receiver": "c879c4fa-f0d3-4b30-84fc-507ed5ac6e93"
        }
    },
    {
        "model": "Followers.follower",
        "pk": "4b914c2a-ff74-438a-8116-e5763f900dd6",
        "fields": {
            "sender": "5d41994f-2e5d-40d0-9e01-cd73200efb6c",
            "receiver": "a1f0f317-5a3c-4d5d-bb58-e8ad563e9aba"
        }
    },
    {
        "model": "Followers.follower",
        "pk": "5094938e-9f90-4efc-bf6e-9c61e4daed74",
        "fields": {
            "sender": "66320ea1-2ff5-4e68-8a4a-6f8d3bc7f926",
            "receiver": "f3ba1f94-ab39-453d-af87-994d4b2c0571"
        }
    },
    {
        "model": "Followers.follower",
        "pk": "59cf87a5-05a7-42a5-b92a-ed495d619e73",
        "fields": {
            "sender": "5d41994f-2e5d-40d0-9e01-cd73200efb6c",
            "receiver": "ca12fb77-fc84-4a00-8992-e463a7d80772"
        }
    },
    {
        "model": "Followers.follower",
        "pk": "6061bbeb-1b9e-416f-b054-efe7bcda9d9f",
        "fields": {
            "sender": "20d63709-f5ce-43c7-87c1-c3c39ebd3910",
            "receiver": "a238b1d8-2b8d-4760-aeb9-5e66841c0d0f"
        }
    },
    {
        "model": "Followers.follower",
        "pk": "621babb5-1a38-4f8f-a2e8-f32d871e68d6",
        "fields": {
            "sender": "5d41994f-2e5d-40d0-9e01-cd73200efb6c",
            "receiver": "f3ba1f94-ab39-453d-af87-994d4b2c0571"
        }
    },
    {
        "model": "Followers.follower",
        "pk": "6580576e-3710-40f9-9b10-8a3b8922ef2a",
        "fields": {
            "sender": "5d41994f-2e5d-40d0-9e01-cd73200efb6c",
            "receiver": "5d41994f-2e5d-40d0-9e01-cd73200efb6c"
        }
    },
    {
        "model": "Followers.follower",
        "pk": "670ffe6b-f02c-4904-9822-07db5116d504",
        "fields": {
            "sender": "20d63709-f5ce-43c7-87c1-c3c39ebd3910",
            "receiver": "c879c4fa-f0d3-4b30-84fc-507ed5ac6e93"
        }
    },
    {
        "model": "Followers.follower",
        "pk": "7395535f-50f8-4c10-a32f-9a5f734a136d",
        "fields": {
            "sender": "66320ea1-2ff5-4e68-8a4a-6f8d3bc7f926",
            "receiver": "a238b1d8-2b8d-4760-aeb9-5e66841c0d0f"
        }
    },
    {
        "model": "Followers.follower",
        "pk": "7fbf05ef-1b04-4a5e-8b9b-ab322032b744",
        "fields": {
            "sender": "f3ba1f94-ab39-453d-af87-994d4b2c0571",
            "receiver": "c879c4fa-f0d3-4b30-84fc-507ed5ac6e93"
        }
    },
    {
        "model": "Followers.follower",
        "pk": "a4c75693-a4fd-4a7e-a563-da5c6000d744",
        "fields": {
            "sender": "ca12fb77-fc84-4a00-8992-e463a7d80772",
            "receiver": "5d41994f-2e5d-40d0-9e01-cd73200efb6c"
        }
    },
    {
        "model": "Followers.follower",
        "pk": "dda31181-b17c-4a4c-9138-24ee538725ec",
        "fields": {
            "sender": "66320ea1-2ff5-4e68-8a4a-6f8d3bc7f926",
            "receiver": "5d41994f-2e5d-40d0-9e01-cd73200efb6c"
        }
    },
    {
        "model": "Followers.follower",
        "pk": "e78d873c-95ec-458a-9f81-ce2ec8eeb911",
        "fields": {
            "sender": "c879c4fa-f0d3-4b30-84fc-507ed5ac6e93",
            "receiver": "a238b1d8-2b8d-4760-aeb9-5e66841c0d0f"
        }
    },
    {
        "model": "Followers.follower",
        "pk": "ecf43277-6c05-4097-a550-e1aac1e9557e",
        "fields": {
            "sender": "ca12fb77-fc84-4a00-8992-e463a7d80772",
            "receiver": "66320ea1-2ff5-4e68-8a4a-6f8d3bc7f926"
        }
    },
    {
        "model": "Followers.follower",
        "pk": "eebdeeba-8dfe-415f-8c6f-99e101507615",
        "fields": {
            "sender": "5d41994f-2e5d-40d0-9e01-cd73200efb6c",
            "receiver": "20d63709-f5ce-43c7-87c1-c3c39ebd3910"
        }
    },
    {
        "model": "Followers.follower",
        "pk": "f06bb1bd-6d98-4b8c-bd13-2cadb7a62b88",
        "fields": {
            "sender": "c879c4fa-f0d3-4b30-84fc-507ed5ac6e93",
            "receiver": "a1f0f317-5a3c-4d5d-bb58-e8ad563e9aba"
        }
    },
    {
        "model": "Followers.follower",
        "pk": "f10e6cd7-4db9-4e97-9e14-602bf2e668dc",
        "fields": {
            "sender": "a238b1d8-2b8d-4760-aeb9-5e66841c0d0f",
            "receiver": "a1f0f317-5a3c-4d5d-bb58-e8ad563e9aba"
        }
    },
    {
        "model": "likes.like",
        "pk": 1,
        "fields": {
            "author": "ca12fb77-fc84-4a00-8992-e463a7d80772",
            "parentId": "632615b0-35f8-462d-abcb-013c5b61c740"
        }
    },
    {
        "model": "likes.like",
        "pk": 2,
        "fields": {
            "author": "ca12fb77-fc84-4a00-8992-e463a7d80772",
            "parentId": "e7cc890d-efcd-4f94-99db-6d0c95526c0d"
        }
    },
    {
        "model": "likes.like",
        "pk": 3,
        "fields": {
            "author": "ca12fb77-fc84-4a00-8992-e463a7d80772",
            "parentId": "a3beb12c-938f-44fe-833d-4314bfedb36a"
        }
    },
    {
        "model": "likes.like",
        "pk": 4,
        "fields": {
            "author": "ca12fb77-fc84-4a00-8992-e463a7d80772",
            "parentId": "5d136694-4ed5-4200-b184-d6da9c5603c1"
        }
    },
    {
        "model": "likes.like",
        "pk": 5,
        "fields": {
            "author": "ca12fb77-fc84-4a00-8992-e463a7d80772",
            "parentId": "ad050b46-9d9a-421f-8f47-a66375f91dc4"
        }
    },
    {
        "model": "likes.like",
        "pk": 6,
        "fields": {
            "author": "66320ea1-2ff5-4e68-8a4a-6f8d3bc7f926",
            "parentId": "e7cc890d-efcd-4f94-99db-6d0c95526c0d"
        }
    },
    {
        "model": "likes.like",
        "pk": 7,
        "fields": {
            "author": "66320ea1-2ff5-4e68-8a4a-6f8d3bc7f926",
            "parentId": "b24852a2-3210-4e24-9f48-e7c2ae639f79"
        }
    },
    {
        "model": "likes.like",
        "pk": 8,
        "fields": {
            "author": "66320ea1-2ff5-4e68-8a4a-6f8d3bc7f926",
            "parentId": "e3975fde-cc90-4d03-9b74-abeab0869744"
        }
    },
    {
        "model": "likes.like",
        "pk": 9,
        "fields": {
            "author": "66320ea1-2ff5-4e68-8a4a-6f8d3bc7f926",
            "parentId": "78d23fb6-ec4d-4db5-aed4-28d86fc580d7"
        }
    },
    {
        "model": "likes.like",
        "pk": 10,
        "fields": {
            "author": "66320ea1-2ff5-4e68-8a4a-6f8d3bc7f926",
            "parentId": "36bdedf4-74c3-4770-829f-f96bd956c3ec"
        }
    },
    {
        "model": "likes.like",
        "pk": 11,
        "fields": {
            "author": "66320ea1-2ff5-4e68-8a4a-6f8d3bc7f926",
            "parentId": "c4216824-14df-4597-bdcf-b076b25522c7"
        }
    },
    {
        "model": "likes.like",
        "pk": 12,
        "fields": {
            "author": "66320ea1-2ff5-4e68-8a4a-6f8d3bc7f926",
            "parentId": "febd4e51-fe0d-4daf-bdfb-cfc3df1c5b6a"
        }
    },
    {
        "model": "likes.like",
        "pk": 13,
        "fields": {
            "author": "f3ba1f94-ab39-453d-af87-994d4b2c0571",
            "parentId": "b24852a2-3210-4e24-9f48-e7c2ae639f79"
        }
    },
    {
        "model": "likes.like",
        "pk": 14,
        "fields": {
            "author": "f3ba1f94-ab39-453d-af87-994d4b2c0571",
            "parentId": "b5f6ad91-3c25-4c8a-b24a-6a54d04274a0"
        }
    },
    {
        "model": "likes.like",
        "pk": 15,
        "fields": {
            "author": "f3ba1f94-ab39-453d-af87-994d4b2c0571",
            "parentId": "a3beb12c-938f-44fe-833d-4314bfedb36a"
        }
    },
    {
        "model": "likes.like",
        "pk": 16,
        "fields": {
            "author": "f3ba1f94-ab39-453d-af87-994d4b2c0571",
            "parentId": "c4216824-14df-4597-bdcf-b076b25522c7"
        }
    },
    {
        "model": "likes.like",
        "pk": 17,
        "fields": {
            "author": "f3ba1f94-ab39-453d-af87-994d4b2c0571",
            "parentId": "0ef15d6c-375b-46e7-9d90-2e2046e2eb09"
        }
    },
    {
        "model": "likes.like",
        "pk": 18,
        "fields": {
            "author": "5d41994f-2e5d-40d0-9e01-cd73200efb6c",
            "parentId": "e377ecfb-efd4-4993-8a20-5af7812cda97"
        }
    },
    {
        "model": "likes.like",
        "pk": 19,
        "fields": {
            "author": "5d41994f-2e5d-40d0-9e01-cd73200efb6c",
            "parentId": "ad050b46-9d9a-421f-8f47-a66375f91dc4"
        }
    },
    {
        "model": "likes.like",
        "pk": 20,
        "fields": {
            "author": "a1f0f317-5a3c-4d5d-bb58-e8ad563e9aba",
            "parentId": "b24852a2-3210-4e24-9f48-e7c2ae639f79"
        }
    },
    {
        "model": "likes.like",
        "pk": 21,
        "fields": {
            "author": "a1f0f317-5a3c-4d5d-bb58-e8ad563e9aba",
            "parentId": "b5f6ad91-3c25-4c8a-b24a-6a54d04274a0"
        }
    },
    {
        "model": "likes.like",
        "pk": 22,
        "fields": {
            "author": "20d63709-f5ce-43c7-87c1-c3c39ebd3910",
            "parentId": "c9fea4ca-6c61-444d-9719-d507f6c5cc6b"
        }
    },
    {
        "model": "likes.like",
        "pk": 23,
        "fields": {
            "author": "20d63709-f5ce-43c7-87c1-c3c39ebd3910",
            "parentId": "7a04350a-cace-43d1-9d9d-c64520fc3f7f"
        }
    },
    {
        "model": "likes.like",
        "pk": 24,
        "fields": {
            "author": "20d63709-f5ce-43c7-87c1-c3c39ebd3910",
            "parentId": "36bdedf4-74c3-4770-829f-f96bd956c3ec"
        }
    },
    {
        "model": "likes.like",
        "pk": 25,
        "fields": {
            "author": "a238b1d8-2b8d-4760-aeb9-5e66841c0d0f",
            "parentId": "9147c6a9-9a92-4bc8-9abb-230c59186a53"
        }
    },
    {
        "model": "likes.like",
        "pk": 26,
        "fields": {
            "author": "a238b1d8-2b8d-4760-aeb9-5e66841c0d0f",
            "parentId": "c9fea4ca-6c61-444d-9719-d507f6c5cc6b"
        }
    },
    {
        "model": "likes.like",
        "pk": 27,
        "fields": {
            "author": "c879c4fa-f0d3-4b30-84fc-507ed5ac6e93",
            "parentId": "e377ecfb-efd4-4993-8a20-5af7812cda97"
        }
    },
    {
        "model": "likes.like",
        "pk": 28,
        "fields": {
            "author": "c879c4fa-f0d3-4b30-84fc-507ed5ac6e93",
            "parentId": "632615b0-35f8-462d-abcb-013c5b61c740"
        }
    },
    {
        "model": "likes.like",
        "pk": 29,
        "fields": {
            "author": "c879c4fa-f0d3-4b30-84fc-507ed5ac6e93",
            "parentId": "36bdedf4-74c3-4770-829f-f96bd956c3ec"
        }
    },
    {
        "model": "likes.like",
        "pk": 30,
        "fields": {
            "author": "c879c4fa-f0d3-4b30-84fc-507ed5ac6e93",
            "parentId": "ad050b46-9d9a-421f-8f47-a66375f91dc4"
        }
    },
    {
        "model": "likes.like",
        "pk": 31,
        "fields": {
            "author": "c879c4fa-f0d3-4b30-84fc-507ed5ac6e93",
            "parentId": "c4216824-14df-4597-bdcf-b076b25522c7"
        }
    },
    {
        "model": "posts.post",
        "pk": "47e71ded-e926-4cd4-98a1-6f8f87bf5367",
        "fields": {
            "author_id": "c879c4fa-f0d3-4b30-84fc-507ed5ac6e93",
            "title": "Amet non dolore amet est velit magnam.",
            "visibility": "PU",
            "description": "Consectetur tempora aliquam velit porro tempora.",
            "content": "Modi ut aliquam quiquia est. Porro quaerat voluptatem adipisci quiquia. Eius tempora tempora velit neque non. Quisquam amet est est tempora etincidunt. Sed modi neque ut neque quaerat quisquam quaerat. Dolor velit ut consectetur sed. Ipsum dolor dolore non magnam consectetur.",
            "contentType": "plain",
            "source": "https://project-api-404.herokuapp.com/api/",
            "origin": "https://project-api-404.herokuapp.com/api/",
            "unlisted": false,
            "published": "2021-12-04T23:01:54.737Z",
            "count": 0,
            "categories": ""
        }
    },
    {
        "model": "posts.post",
        "pk": "52385b6b-855e-4bc5-9014-4288e9595e9b",
        "fields": {
            "author_id": "a238b1d8-2b8d-4760-aeb9-5e66841c0d0f",
            "title": "Tempora aliquam etincidunt est.",
            "visibility": "PU",
            "description": "Eius ut numquam amet ipsum amet.",
            "content": "Tempora aliquam tempora dolorem adipisci quisquam magnam. Dolorem modi modi voluptatem sit quisquam. Porro labore etincidunt modi labore consectetur velit. Numquam dolore etincidunt magnam. Amet sed quiquia modi.",
            "contentType": "plain",
            "source": "https://project-api-404.herokuapp.com/api/",
            "origin": "https://project-api-404.herokuapp.com/api/",
            "unlisted": false,
            "published": "2021-12-04T23:01:54.616Z",
            "count": 0,
            "categories": ""
        }
    },
    {
        "model": "posts.post",
        "pk": "632615b0-35f8-462d-abcb-013c5b61c740",
        "fields": {
            "author_id": "f3ba1f94-ab39-453d-af87-994d4b2c0571",
            "title": "Non porro adipisci est consectetur est.",
            "visibility": "PU",
            "description": "Labore ut ut ut tempora porro porro magnam.",
            "content": "Labore ut quisquam sed non adipisci eius dolorem. Quaerat dolorem est ipsum quiquia aliquam numquam. Quisquam est ipsum labore. Dolorem numquam etincidunt voluptatem. Velit quaerat velit etincidunt consectetur velit quaerat labore. Numquam consectetur dolorem aliquam quisquam. Etincidunt voluptatem eius velit.",
            "contentType": "plain",
            "source": "https://project-api-404.herokuapp.com/api/",
            "origin": "https://project-api-404.herokuapp.com/api/",
            "unlisted": false,
            "published": "2021-12-04T23:01:53.154Z",
            "count": 0,
            "categories": ""
        }
    },
    {
        "model": "posts.post",
        "pk": "669b8267-0c5d-4d35-8f0d-f9d700ac0c1f",
        "fields": {
            "author_id": "20d63709-f5ce-43c7-87c1-c3c39ebd3910",
            "title": "Neque ipsum quisquam labore.",
            "visibility": "PU",
            "description": "Amet ipsum neque dolore.",
            "content": "Est modi dolore quiquia est adipisci quiquia modi. Numquam consectetur tempora quiquia modi. Quiquia porro magnam dolorem dolore amet aliquam adipisci. Porro sed porro dolorem aliquam dolor. Consectetur non dolorem velit neque est. Velit consectetur est velit voluptatem velit labore quisquam. Velit numquam amet labore est amet tempora. Eius dolor porro sed. Ut velit ut non voluptatem labore sed.",
            "contentType": "plain",
            "source": "https://project-api-404.herokuapp.com/api/",
            "origin": "https://project-api-404.herokuapp.com/api/",
            "unlisted": false,
            "published": "2021-12-04T23:01:54.393Z",
            "count": 0,
            "categories": ""
        }
    },
    {
        "model": "posts.post",
        "pk": "7876fead-2512-43a3-8b94-229999db3060",
        "fields": {
            "author_id": "a238b1d8-2b8d-4760-aeb9-5e66841c0d0f",
            "title": "Ut quaerat modi quisquam velit aliquam dolorem quaerat.",
            "visibility": "PU",
            "description": "Ut modi quiquia sed ut amet.",
            "content": "Numquam voluptatem ipsum quaerat dolor dolorem. Labore dolorem consectetur sit consectetur adipisci. Labore quiquia quaerat dolorem sit quiquia. Consectetur amet aliquam neque. Sed adipisci labore magnam dolore eius dolorem voluptatem. Etincidunt voluptatem labore ipsum quisquam labore sed.",
            "contentType": "plain",
            "source": "https://project-api-404.herokuapp.com/api/",
            "origin": "https://project-api-404.herokuapp.com/api/",
            "unlisted": false,
            "published": "2021-12-04T23:01:54.500Z",
            "count": 0,
            "categories": ""
        }
    },
    {
        "model": "posts.post",
        "pk": "78d23fb6-ec4d-4db5-aed4-28d86fc580d7",
        "fields": {
            "author_id": "20d63709-f5ce-43c7-87c1-c3c39ebd3910",
            "title": "Amet consectetur dolor quiquia dolorem dolor aliquam.",
            "visibility": "PU",
            "description": "Quisquam non dolor est consectetur.",
            "content": "Sed velit sit sit dolorem aliquam. Magnam est porro modi. Dolor voluptatem est ipsum quiquia labore neque. Etincidunt magnam quiquia neque. Tempora quiquia adipisci dolore numquam quaerat.",
            "contentType": "plain",
            "source": "https://project-api-404.herokuapp.com/api/",
            "origin": "https://project-api-404.herokuapp.com/api/",
            "unlisted": false,
            "published": "2021-12-04T23:01:54.287Z",
            "count": 0,
            "categories": ""
        }
    },
    {
        "model": "posts.post",
        "pk": "9147c6a9-9a92-4bc8-9abb-230c59186a53",
        "fields": {
            "author_id": "a1f0f317-5a3c-4d5d-bb58-e8ad563e9aba",
            "title": "Quaerat non consectetur voluptatem ipsum voluptatem.",
            "visibility": "PU",
            "description": "Consectetur tempora dolorem magnam dolorem aliquam dolore magnam.",
            "content": "Labore quisquam quiquia non non. Numquam sit adipisci dolorem ut. Velit magnam adipisci magnam aliquam est neque. Dolorem sit aliquam dolor amet etincidunt eius velit. Etincidunt voluptatem dolore eius aliquam neque. Voluptatem tempora labore dolore magnam tempora sed adipisci. Sit tempora consectetur ut labore aliquam ut adipisci. Dolore dolorem consectetur sit sit.",
            "contentType": "plain",
            "source": "https://project-api-404.herokuapp.com/api/",
            "origin": "https://project-api-404.herokuapp.com/api/",
            "unlisted": false,
            "published": "2021-12-04T23:01:53.954Z",
            "count": 0,
            "categories": ""
        }
    },
    {
        "model": "posts.post",
        "pk": "b24852a2-3210-4e24-9f48-e7c2ae639f79",
        "fields": {
            "author_id": "f3ba1f94-ab39-453d-af87-994d4b2c0571",
            "title": "Dolor voluptatem est eius dolorem.",
            "visibility": "PU",
            "description": "Velit ipsum sed dolor quisquam consectetur.",
            "content": "Non porro dolore quiquia etincidunt. Tempora tempora etincidunt labore adipisci labore. Eius tempora etincidunt ut est. Neque numquam porro ipsum est. Sit amet dolorem non etincidunt etincidunt.",
            "contentType": "plain",
            "source": "https://project-api-404.herokuapp.com/api/",
            "origin": "https://project-api-404.herokuapp.com/api/",
            "unlisted": false,
            "published": "2021-12-04T23:01:53.859Z",
            "count": 0,
            "categories": ""
        }
    },
    {
        "model": "posts.post",
        "pk": "c9fea4ca-6c61-444d-9719-d507f6c5cc6b",
        "fields": {
            "author_id": "a1f0f317-5a3c-4d5d-bb58-e8ad563e9aba",
            "title": "Neque numquam non ipsum modi ut sit.",
            "visibility": "PU",
            "description": "Eius sed dolore ut velit adipisci.",
            "content": "Ut voluptatem ut magnam porro quaerat. Etincidunt numquam dolore velit quisquam. Neque est ut sit quaerat est modi magnam. Labore consectetur numquam ut est dolore eius. Neque porro quaerat adipisci velit magnam.",
            "contentType": "plain",
            "source": "https://project-api-404.herokuapp.com/api/",
            "origin": "https://project-api-404.herokuapp.com/api/",
            "unlisted": false,
            "published": "2021-12-04T23:01:54.177Z",
            "count": 0,
            "categories": ""
        }
    },
    {
        "model": "posts.post",
        "pk": "e377ecfb-efd4-4993-8a20-5af7812cda97",
        "fields": {
            "author_id": "a1f0f317-5a3c-4d5d-bb58-e8ad563e9aba",
            "title": "golden ratio post",
            "visibility": "PU",
            "description": "stuff",
            "content": "wow! wowowowowoowow!",
            "contentType": "plain",
            "source": "",
            "origin": "",
            "unlisted": false,
            "published": "2021-12-04T22:55:51.732Z",
            "count": 0,
            "categories": ""
        }
    },
    {
        "model": "posts.post",
        "pk": "e3975fde-cc90-4d03-9b74-abeab0869744",
        "fields": {
            "author_id": "a1f0f317-5a3c-4d5d-bb58-e8ad563e9aba",
            "title": "Labore numquam quaerat aliquam amet dolor modi.",
            "visibility": "PU",
            "description": "Ipsum labore modi voluptatem voluptatem sed dolore tempora.",
            "content": "Aliquam adipisci voluptatem eius velit tempora amet non. Ut neque porro velit quaerat velit. Ipsum dolore neque numquam magnam. Non amet aliquam consectetur velit quaerat velit eius. Sed voluptatem non eius sed amet. Eius amet dolore quiquia dolorem modi. Aliquam dolore ipsum dolorem adipisci quaerat neque. Magnam neque dolor velit.",
            "contentType": "plain",
            "source": "https://project-api-404.herokuapp.com/api/",
            "origin": "https://project-api-404.herokuapp.com/api/",
            "unlisted": false,
            "published": "2021-12-04T23:01:54.060Z",
            "count": 0,
            "categories": ""
        }
    },
    {
        "model": "posts.post",
        "pk": "e7cc890d-efcd-4f94-99db-6d0c95526c0d",
        "fields": {
            "author_id": "f3ba1f94-ab39-453d-af87-994d4b2c0571",
            "title": "Etincidunt eius quiquia adipisci non.",
            "visibility": "PU",
            "description": "Adipisci numquam amet neque.",
            "content": "Aliquam consectetur eius adipisci amet. Magnam labore dolor est modi porro amet. Tempora non numquam labore. Neque dolore neque dolore adipisci numquam porro quisquam. Consectetur velit amet quisquam. Aliquam eius porro labore aliquam. Etincidunt sed modi magnam aliquam ipsum consectetur dolore.",
            "contentType": "plain",
            "source": "https://project-api-404.herokuapp.com/api/",
            "origin": "https://project-api-404.herokuapp.com/api/",
            "unlisted": false,
            "published": "2021-12-04T23:01:53.336Z",
            "count": 0,
            "categories": ""
        }
    },
    {
        "model": "nodes.node",
        "pk": 1,
        "fields": {
            "url": "https://cmput404-socialdist-project.herokuapp.com/",
            "netloc": "cmput404-socialdist-project.herokuapp.com",
            "allowIncoming": true,
            "allowOutgoing": true,
            "incomingName": "Team5",
            "outgoingName": "admin",
            "incomingPassword": "Team5",
            "outgoingPassword": "admin",
            "description": "team 05"
        }
    },
    {
        "model": "nodes.node",
        "pk": 2,
        "fields": {
            "url": "http://newconnection-server.herokuapp.com/api/v1/",
            "netloc": "newconnection-server.herokuapp.com",
            "allowIncoming": true,
            "allowOutgoing": true,
            "incomingName": "T06Username",
            "outgoingName": "admin",
            "incomingPassword": "T06Password",
            "outgoingPassword": "NewConnectionAdmin",
            "description": "False"
        }
    },
    {
        "model": "nodes.node",
        "pk": 3,
        "fields": {
            "url": "https://plurr.herokuapp.com/service/",
            "netloc": "plurr.herokuapp.com",
            "allowIncoming": true,
            "allowOutgoing": true,
            "incomingName": "T26Username",
            "outgoingName": "team23",
            "incomingPassword": "T26Password",
            "outgoingPassword": "password",
            "description": "False"
        }
    },
    {
        "model": "nodes.node",
        "pk": 4,
        "fields": {
            "url": "https://cmput404f21t17.herokuapp.com/service/",
            "netloc": "cmput404f21t17.herokuapp.com",
            "allowIncoming": true,
            "allowOutgoing": true,
            "incomingName": "team17",
            "outgoingName": "d8ccbe46-b41e-4a5a-a1b0-55c18663d9e1",
            "incomingPassword": "password17",
            "outgoingPassword": "123456",
            "description": "False"
        }
    }
]